PRD Capability,Description,Primary Model Owner,Supporting Architecture Models,Coverage Status,Risk Rating,Implementation Priority,Architecture Confidence,Implementation Status,Gap Identified
Modular Architecture,System supports modular components and deployable units,System_Initialization_and_Bootstrap_Model,Configuration_and_Metadata_Management_Model; Integration_and_Data_Exchange_Model,Strong,Low,High,High,In Design,No
Deterministic Replayability,Ability to reproduce historical payroll results,Payroll_Run_Model,Accumulator_and_Balance_Model; Configuration_and_Metadata_Management_Model; Correction_and_Immutability_Model,Strong,Medium,High,Medium,In Design,No
Effective-Dated Data,All payroll data supports time-bound validity,Reference_Data_Model,Payroll_Calendar_Model; Plan_and_Rule_Model; Compensation_and_Pay_Rate_Model,Strong,Low,High,High,In Design,No
Approval Workflow Governance,Changes require approval workflows,Release_and_Approval_Model,Security_and_Access_Control_Model; Payroll_Run_Model; Configuration_and_Metadata_Management_Model,Strong,Low,High,High,In Design,No
Multi-Tenant Support,Support multiple clients and companies,Payroll_Context_Model,Security_and_Access_Control_Model; Organizational_Structure_Model,Strong,Medium,High,Medium,In Design,No
External Integration,"Support batch, API, and external ingestion",Integration_and_Data_Exchange_Model,Payroll_Interface_and_Export_Model; Provider_Billing_and_Charge_Model; General_Ledger_and_Accounting_Export_Model,Strong,Medium,High,Medium,In Design,No
Validation Framework,Post-calculation validation required,Configuration_and_Metadata_Management_Model,Exception_and_Work_Queue_Model; Error_Handling_and_Isolation_Model; Policy_and_Rule_Execution_Model,Strong,Medium,High,Medium,In Design,No
Accumulator Strategy,Running totals and reporting structures,Accumulator_and_Balance_Model,Result_and_Payable_Model; Earnings_and_Deductions_Computation_Model,Strong,Medium,High,Medium,In Design,No
Jurisdiction Support,Multiple jurisdiction layers supported,Jurisdiction_and_Compliance_Rules_Model,Tax_Classification_and_Obligation_Model; Garnishment_and_Legal_Order_Model,Strong,Medium,High,Medium,In Design,No
Document Storage,Support regulatory and employment documents,Data_Retention_and_Archival_Model,Security_and_Access_Control_Model,Moderate,Medium,Medium,Medium,Not Started,Yes
Operational Visibility,Dashboards and monitoring,Run_Visibility_and_Dashboard_Model,Monitoring_and_Alerting_Model; Operational_Reporting_and_Analytics_Model,Strong,Low,Medium,High,In Design,No
System Lifecycle Management,"Support bootstrap, upgrade, maintenance",System_Maintenance_and_Upgrade_Model,System_Initialization_and_Bootstrap_Model; Configuration_and_Metadata_Management_Model,Strong,Medium,High,Medium,In Design,No
